url;title;description;keywords
/;Строительство домов из клееного бруса под ключ в Москве - производитель «Искони»;В нашей компании «Искони» Вы можете заказать строительство домов из клееного бруса под ключ в Москве. Доступные цены. Собственное производство. Звоните: 8(495)744-78-99.;
/about/;О компании «Искони»;Ознакомиться с информацией о компании «Искони».;
/catalog/;Каталог домов под ключ по доступным ценам в Москве от производителя «Искони»;Заказать дома под ключ по доступным ценам в каталоге производителя «Искони» в Москве. Звоните: 8(495)744-78-99.;
/catalog/doma-iz-brusa/;Каталог домов из бруса под ключ по доступным ценам в Москве от производителя «Искони»;Заказать дома из бруса под ключ по доступным ценам в каталоге производителя «Искони» в Москве. Звоните: 8(495)744-78-99.;
/catalog/doma-iz-brusa/filter/material2-is-kleenyy-brus/apply/;Заказать дом из клееного бруса под ключ от производителя в Москве - доступная стоимость от компании «Искони»;В нашей компании «Искони» Вы можете заказать дома из клееного бруса под ключ от производителя в Москве. Доступная стоимость. Гарантия качества. Звоните: 8(495)744-78-99.;
/catalog/ready/;Построенные дома компанией «Искони»;Ознакомиться с построенными домами компанией «Искони» в Москве.;
/confidential/;Политику конфиденциальности компании «Искони»;Прочитать политику конфиденуиальности компании «Искони».;
/contacts/;Контакты компании «Искони»;Ознакомится с контактами компани «Искони».;
/news/;Новости компании «Искони»;Ознакомиться с новостями компании «Искони».;
/news/44/;Видео-обзор типового проекта «Удача +» от компании «Искони»;Ознакомиться с видео-обзором типового проекта «Удача +» от компании «Искони».;
/news/46/;Новогодний подарок от компании «Искони»;Ознакомиться с новостью: Новогодний подарок от компании «Искони».;
/news/47/;Испытания утепленного клееного бруса от компании «Искони»;Ознакомиться с испытаниями утепленного клееного бруса от компании «Искони».;
/news/48/;Испытания утепленного бруса на прочность от компании «Искони»;Ознкомиться с ипытаниями утепленного бруса на прочность от компании «Искони».;
/news/53/;Поздравление с Новым годом и Рождеством от компании «Искони»;Ознакомиться с поздравлением с Новым годом и Рождеством от компании «Искони».;
/news/54/;Выставка в Экспоцентре - компания «Искони»;Ознакомиться с выставкой в Экспоцентре - компания «Искони».;
/news/55/;Выставка в Крокус Экспо «Деревянный дом. Весна 2020» - компания «Искони»;Ознакомиться с выставкой в Крокус Экспо «Деревянный дом. Весна 2020» - компания «Искони».;
/news/96/;Статья: Типы фундаментов и их отличия;Прочитать статью на тему: Типы фундаментов и их отличия.;
/news/97/;Статья: УШП с острым ростверком с композитной арматурой;Прочитать статью на тему: УШП с острым ростверком с композитной арматурой.;
/rekvizity/;Реквизиты компании «Искони»;Ознакомиться с реквизитами компании «Искони».;
/tech/;Производство компании «Искони»;Ознакомиться с производством компании «Искони».;
/tech/kleyeny-brus/;Цены на клееный брус из сосны и ели в Москве от компании «Искони»;Ознакомиться с ценами на клееный брус из сосны и ели в Москве от компании «Искони».;
/tech/otsilindrovannoe-brevno/;Строительство домов из оцилиндрованного бревна под ключ по доступным ценам в Москве;В нашей компании «Искони» Вы можете заказать строительство домов из оцилиндрованного бревна под ключ в Москве. Доступные цены. Собственное производство. Звоните: 8(495)744-78-99.;
/tech/profilirovanny-brus/;Строительство домов из профилированного сухого бруса под ключ по доступным ценам в Москве;В нашей компании «Искони» Вы можете заказать строительство домов из профилированного сухого бруса под ключ в Москве. Доступные цены. Собственное производство. Звоните: 8(495)744-78-99.;
/tech/uteplenny-kleeny-brus/;Статья: Что такое утепленный клееный брус?;Прочитать статью на тему: Что такое утепленный клееный брус?;
/catalog/doma-iz-brusa/filter/floors2-is-dvukhehtazhnye/apply/;Купить двухэтажный дом из клееного бруса по доступной цене;Компания ISKONI предлагает своим клиентам лучшие проекты и решения для строительства домов из бруса;
/catalog/doma-iz-brusa/filter/material2-is-uteplennyy-brus/apply/;Купить зимний дом из клееного бруса по доступной цене;Компания ISKONI предлагает своим клиентам широкий выбор домов из теплого клееного бруса;
/catalog/doma-iz-brusa/filter/size_full-to-100/apply/;Купить дом 100 кв из клееного бруса от производителя;Компания ISKONI предлагает своим клиентам широкий выбор домов из клееного бруса до 100 кв. метров;
/catalog/doma-iz-brusa/filter/size_full-to-151/apply/;Купить дом 150 кв из клееного бруса от производителя;Компания ISKONI предлагает своим клиентам широкий выбор домов из клееного бруса до 150 кв. метров;
/catalog/doma-iz-brusa/odnoetazhnye/;Купить одноэтажный дом из клееного бруса по доступной цене;Компания ISKONI предлагает своим клиентам одноэтажные дома из клееного бруса. Лучшие проекты и решения для строительства.;
/catalog/doma-iz-brusa/panoramnyyi/;Проекты панорамных домов из бруса под ключ по доступной цене в Москве;Проекты панорамных домов из бруса под ключ. Доступные цены на проекты брусовых домов в стиле Фахверк под ключ. Заказать проект дома по телефону в Москве: 8-495-744-78-99 и по России: 8-800-222-35-77.;
/catalog/doma-iz-brusa/s-garazhom/;Проекты домов из бруса с гаражом под ключ по доступной цене в Москве;Проекты домов из бруса с гаражом под ключ. Доступные цены на проекты брусовых домов в стиле Фахверк под ключ. Заказать проект дома по телефону в Москве: 8-495-744-78-99 и по России: 8-800-222-35-77.;
/catalog/barnkhaus/;Цены на проекты домов в стиле Барнхаус под ключ;Проекты домов в стиле Барнхаус под ключ по доступной цене. Заказать проект дома по телефону в Москве: 8-495-744-78-99 и по России: 8-800-222-35-77.;Барнхаус
/catalog/chetyrekhkomnatnyye/;Цены на проекты четырехкомнатных домов под ключ;Проекты четырехкомнатных домов под ключ по доступной цене. Заказать проект дома по телефону в Москве: 8-495-744-78-99 и по России: 8-800-222-35-77.;Четырехкомнатные
/catalog/doma-iz-brusa/fahverk/;Проекты домов из бруса в стиле Фахверк под ключ;Проекты домов из бруса в стиле Фахверк под ключ. ДОСТУПНЫЕ ЦЕНЫ на проекты брусовых домов в стиле Фахверк под ключ. Заказать проект дома по телефону в Москве: 8-495-744-78-99 и по России: 8-800-222-35-77.;
/catalog/doma-iz-brusa/fahverk/11/;Проект дома из бруса Снегирь в стиле Фахверк под ключ;Проект дома из бруса Снегирь в стиле Фахверк под ключ. ДОСТУПНЫЕ ЦЕНЫ на проекты брусовых домов в стиле Фахверк под ключ. Заказать проект дома по телефону в Москве: 8-495-744-78-99 и по России: 8-800-222-35-77.;
/catalog/doma-iz-brusa/fahverk/12/;Проект дома из бруса Агами в стиле Фахверк под ключ;Проект дома из бруса Агами в стиле Фахверк под ключ. ДОСТУПНЫЕ ЦЕНЫ на проекты брусовых домов в стиле Фахверк под ключ. Заказать проект дома по телефону в Москве: 8-495-744-78-99 и по России: 8-800-222-35-77.;
/catalog/doma-iz-brusa/fahverk/4/;Проект дома из бруса Лори в стиле Фахверк под ключ;Проект дома из бруса Лори в стиле Фахверк под ключ. ДОСТУПНЫЕ ЦЕНЫ на проекты брусовых домов в стиле Фахверк под ключ. Заказать проект дома по телефону в Москве: 8-495-744-78-99 и по России: 8-800-222-35-77.;
/catalog/doma-iz-brusa/fahverk/59/;Проект дома из бруса Джек в стиле Фахверк под ключ;Проект дома из бруса Джек в стиле Фахверк под ключ. ДОСТУПНЫЕ ЦЕНЫ на проекты брусовых домов в стиле Фахверк под ключ. Заказать проект дома по телефону в Москве: 8-495-744-78-99 и по России: 8-800-222-35-77.;
/catalog/doma-iz-brusa/fahverk/6/;Проект дома из бруса Миндаль в стиле Фахверк под ключ;Проект дома из бруса Миндаль в стиле Фахверк под ключ. ДОСТУПНЫЕ ЦЕНЫ на проекты брусовых домов в стиле Фахверк под ключ. Заказать проект дома по телефону в Москве: 8-495-744-78-99 и по России: 8-800-222-35-77.;
/catalog/doma-iz-brusa/fahverk/62/;Проект дома из бруса Барнхаус Тайна в стиле Фахверк под ключ;Проект дома из бруса Барнхаус Тайна в стиле Фахверк под ключ. ДОСТУПНЫЕ ЦЕНЫ на проекты брусовых домов в стиле Фахверк под ключ. Заказать проект дома по телефону в Москве: 8-495-744-78-99 и по России: 8-800-222-35-77.;
/catalog/doma-iz-brusa/fahverk/69/;Проект дома из бруса Адамант в стиле Фахверк под ключ;Проект дома из бруса Адамант в стиле Фахверк под ключ. ДОСТУПНЫЕ ЦЕНЫ на проекты брусовых домов в стиле Фахверк под ключ. Заказать проект дома по телефону в Москве: 8-495-744-78-99 и по России: 8-800-222-35-77.;
/catalog/doma-iz-brusa/fahverk/70/;Проект дома из бруса Акрида в стиле Фахверк под ключ;Проект дома из бруса Акрида в стиле Фахверк под ключ. ДОСТУПНЫЕ ЦЕНЫ на проекты брусовых домов в стиле Фахверк под ключ. Заказать проект дома по телефону в Москве: 8-495-744-78-99 и по России: 8-800-222-35-77.;
/catalog/doma-iz-brusa/fahverk/74/;Проект дома из бруса Удачный в стиле Фахверк под ключ;Проект дома из бруса Удачный в стиле Фахверк под ключ. ДОСТУПНЫЕ ЦЕНЫ на проекты брусовых домов в стиле Фахверк под ключ. Заказать проект дома по телефону в Москве: 8-495-744-78-99 и по России: 8-800-222-35-77.;
/catalog/doma-iz-brusa/fahverk/75/;Проект дома из бруса Вечерний в стиле Фахверк под ключ;Проект дома из бруса Вечерний в стиле Фахверк под ключ. ДОСТУПНЫЕ ЦЕНЫ на проекты брусовых домов в стиле Фахверк под ключ. Заказать проект дома по телефону в Москве: 8-495-744-78-99 и по России: 8-800-222-35-77.;
/catalog/doma-iz-brusa/fahverk/78/;Проект дома из бруса Шале Гривна в стиле Фахверк под ключ;Проект дома из бруса Шале Гривна в стиле Фахверк под ключ. ДОСТУПНЫЕ ЦЕНЫ на проекты брусовых домов в стиле Фахверк под ключ. Заказать проект дома по телефону в Москве: 8-495-744-78-99 и по России: 8-800-222-35-77.;
/catalog/doma-iz-brusa/fahverk/79/;Проект дома из бруса Светлый в стиле Фахверк под ключ;Проект дома из бруса Светлый в стиле Фахверк под ключ. ДОСТУПНЫЕ ЦЕНЫ на проекты брусовых домов в стиле Фахверк под ключ. Заказать проект дома по телефону в Москве: 8-495-744-78-99 и по России: 8-800-222-35-77.;
/catalog/doma-iz-brusa/fahverk/80/;Проект дома из бруса Жито в стиле Фахверк под ключ;Проект дома из бруса Жито в стиле Фахверк под ключ. ДОСТУПНЫЕ ЦЕНЫ на проекты брусовых домов в стиле Фахверк под ключ. Заказать проект дома по телефону в Москве: 8-495-744-78-99 и по России: 8-800-222-35-77.;
/catalog/doma-iz-brusa/fahverk/81/;Проект дома из бруса Гордый в стиле Фахверк под ключ;Проект дома из бруса Гордый в стиле Фахверк под ключ. ДОСТУПНЫЕ ЦЕНЫ на проекты брусовых домов в стиле Фахверк под ключ. Заказать проект дома по телефону в Москве: 8-495-744-78-99 и по России: 8-800-222-35-77.;
/catalog/doma-iz-brusa/fahverk/85/;Проект дома из бруса Красная Поляна в стиле Фахверк под ключ;Проект дома из бруса Красная Поляна в стиле Фахверк под ключ. ДОСТУПНЫЕ ЦЕНЫ на проекты брусовых домов в стиле Фахверк под ключ. Заказать проект дома по телефону в Москве: 8-495-744-78-99 и по России: 8-800-222-35-77.;
/catalog/doma-iz-brusa/fahverk/86/;Проект дома из бруса Ясная Поляна в стиле Фахверк под ключ;Проект дома из бруса Ясная Поляна в стиле Фахверк под ключ. ДОСТУПНЫЕ ЦЕНЫ на проекты брусовых домов в стиле Фахверк под ключ. Заказать проект дома по телефону в Москве: 8-495-744-78-99 и по России: 8-800-222-35-77.;
/catalog/doma-iz-brusa/fahverk/?PAGEN_1=1&SIZEN_1=10;Дома из бруса в стиле фахверк | Страница 1;Каталог домов из бруса в стиле фахверк. ДОСТУПНЫЕ ЦЕНЫ на проекты брусовых домов в стиле Фахверк под ключ. Заказать проект дома по телефону в Москве: 8-495-744-78-99 и по России: 8-800-222-35-77.;
/catalog/doma-iz-brusa/fahverk/?PAGEN_1=2&SIZEN_1=10;Дома из бруса в стиле фахверк | Страница 2;Каталог домов из бруса в стиле фахверк под ключ. ДОСТУПНЫЕ ЦЕНЫ на проекты брусовых домов в стиле Фахверк под ключ. Заказать проект дома по телефону в Москве: 8-495-744-78-99 и по России: 8-800-222-35-77.;
/catalog/doma-iz-brusa/fahverk/?SIZEN_1=10;Проекты домов из бруса под ключ в стиле Фахверк;Проекты домов из бруса под ключ в стиле Фахверк. ДОСТУПНЫЕ ЦЕНЫ на проекты брусовых домов в стиле Фахверк под ключ. Заказать проект дома по телефону в Москве: 8-495-744-78-99 и по России: 8-800-222-35-77.;
/catalog/doma-iz-brusa/fahverk/filter/clear/apply/;Проекты домов из бруса в стиле Фахверк под ключ;Проекты домов из бруса в стиле Фахверк под ключ . ДОСТУПНЫЕ ЦЕНЫ на проекты брусовых домов в стиле Фахверк под ключ. Заказать проект дома по телефону в Москве: 8-495-744-78-99 и по России: 8-800-222-35-77.;
/catalog/dva-san/;Цены на проекты домов с двумя санузлами под ключ;Проекты домов с двумя санузлами под ключ по доступной цене. Заказать проект дома по телефону в Москве: 8-495-744-78-99 и по России: 8-800-222-35-77.;Два санузла
/catalog/dvukhetazhnyye/;Цены на проекты двухэтажных домов под ключ;Проекты двухэтажных домов под ключ по доступной цене. Заказать проект дома по телефону в Москве: 8-495-744-78-99 и по России: 8-800-222-35-77.;Двухэтажные
/catalog/dvukhkomnatnyye/;Цены на проекты двухкомнатных домов под ключ;Проекты двухкомнатных домов под ключ по доступной цене. Заказать проект дома по телефону в Москве: 8-495-744-78-99 и по России: 8-800-222-35-77.;Двухкомнатные
/catalog/gostevoy/;Цены на проекты гостевых домов под ключ;Проекты гостевых домов под ключ по доступной цене. Заказать проект дома по телефону в Москве: 8-495-744-78-99 и по России: 8-800-222-35-77.;Гостевой
/catalog/klassicheskiy/;Цены на проекты классических домов под ключ;Проекты классических домов под ключ по доступной цене. Заказать проект дома по телефону в Москве: 8-495-744-78-99 и по России: 8-800-222-35-77.;Классический
/catalog/loft/;Цены на проекты домов в стиле Лофт под ключ;Проекты домов в стиле Лофт под ключ по доступной цене. Заказать проект дома по телефону в Москве: 8-495-744-78-99 и по России: 8-800-222-35-77.;Лофт
/catalog/odin-san/;Цены на проекты домов с одним санузлом под ключ;Проекты домов с одним санузлом под ключ по доступной цене. Заказать проект дома по телефону в Москве: 8-495-744-78-99 и по России: 8-800-222-35-77.;Один санузел
/catalog/odnoetazhnyye/;Цены на проекты одноэтажные дома под ключ;Проекты одноэтажных домов под ключ по доступной цене. Заказать проект дома по телефону в Москве: 8-495-744-78-99 и по России: 8-800-222-35-77.;Одноэтажные
/catalog/odnokomnatnyye/;Цены на проекты однокомнатных домов под ключ;Проекты однокомнатных домов под ключ по доступной цене. Заказать проект дома по телефону в Москве: 8-495-744-78-99 и по России: 8-800-222-35-77.;Однокомнатные
/catalog/profilirovannyy-brus/;Цены на проекты домов из профилированного бруса под ключ;Проекты домов из профилированного бруса под ключ по доступной цене. Заказать проект дома по телефону в Москве: 8-495-744-78-99 и по России: 8-800-222-35-77.;Профилированный брус
/catalog/pyatikomnatnyye/;Цены на проекты пятикомнатных домов под ключ;Проекты пятикомнатных домов под ключ по доступной цене. Заказать проект дома по телефону в Москве: 8-495-744-78-99 и по России: 8-800-222-35-77.;Пятикомнатные
/catalog/russkiy/;Цены на проекты русских домов под ключ;Проекты русских домов под ключ по доступной цене. Заказать проект дома по телефону в Москве: 8-495-744-78-99 и по России: 8-800-222-35-77.;Русский
/catalog/s-kryltsom/;Цены на проекты домов с крыльцом под ключ;Проекты домов с крыльцом под ключ по доступной цене. Заказать проект дома по телефону в Москве: 8-495-744-78-99 и по России: 8-800-222-35-77.;С крыльцом
/catalog/s-mansardoy/;Цены на проекты домов с мансардой под ключ;Проекты домов с мансардой под ключ по доступной цене. Заказать проект дома по телефону в Москве: 8-495-744-78-99 и по России: 8-800-222-35-77.;С мансардой
/catalog/s-terassoy/;Цены на проекты домов с терассой под ключ;Проекты домов с терассой под ключ по доступной цене. Заказать проект дома по телефону в Москве: 8-495-744-78-99 и по России: 8-800-222-35-77.;С терассой
/catalog/shale/;Цены на проекты домов в стиле Шале под ключ;Проекты домов в стиле Шале под ключ по доступной цене. Заказать проект дома по телефону в Москве: 8-495-744-78-99 и по России: 8-800-222-35-77.;Шале
/catalog/shestikomnatnyye/;Цены на проекты шестикомнатных домов под ключ;Проекты шестикомнатных домов под ключ по доступной цене. Заказать проект дома по телефону в Москве: 8-495-744-78-99 и по России: 8-800-222-35-77.;Шестикомнатные
/catalog/trekhkomnatnyye/;Цены на проекты трехкомнатных домов под ключ;Проекты трехкомнатных домов под ключ по доступной цене. Заказать проект дома по телефону в Москве: 8-495-744-78-99 и по России: 8-800-222-35-77.;Трехкомнатные
/catalog/tri-san/;Цены на проекты домов с тремя санузлами под ключ;Проекты домов с тремя санузлами под ключ по доступной цене. Заказать проект дома по телефону в Москве: 8-495-744-78-99 и по России: 8-800-222-35-77.;Три санузла
/catalog/uteplennyy-brus/;Цены на проекты домов из утепленного бруса под ключ;Проекты домов из утепленного бруса под ключ по доступной цене. Заказать проект дома по телефону в Москве: 8-495-744-78-99 и по России: 8-800-222-35-77.;Утепленный брус
